<class 'problems.network.Network'>,324262288,algorithms.genetic_algorithm
0,1090.109364031759,None,30,tournament_selection,one_point_crossover,0.5,bit_flip,0.7,858992035.4732865,[4053 3242 7951 7952 4098 5233 2000 4274 441 443 444 4475 445 446 3251
 3249 4474 4372 1814 1815 546]
1,1073.226047604607,None,30,tournament_selection,one_point_crossover,0.5,bit_flip,0.7,522798392.12718695,[4053 3242 7951 7952 4098 5233 2000 4274 441 443 444 4475 445 446 3251
 3249 4474 4372 1814 1815 546]
2,1073.226047604607,None,30,tournament_selection,one_point_crossover,0.5,bit_flip,0.7,626848167.6494453,[4053 3242 7951 7952 4098 5233 2000 4274 441 443 444 4475 445 446 3251
 3249 4474 4372 1814 1815 546]
3,1041.631540096232,None,30,tournament_selection,one_point_crossover,0.5,bit_flip,0.7,598615298.5101295,[4053 3242 7951 7952 4098 5233 2000 4274 441 443 444 4475 445 446 3251
 3249 3247 3246 552 551 546]
4,912.3940719522749,None,30,tournament_selection,one_point_crossover,0.5,bit_flip,0.7,473508228.34946173,[4053 4450 4094 4096 4448 514 535 513 534 2192 478 479 480 3682 3681 4251
 3255 4246 3683 4241 4369 4368 551 546]
